Mixed Breed/Other,
Akita,  
Alaskan Malamute,  
American Bulldog,  
American Cocker Spaniel,  
American Eskimo Dog,  
American Foxhound,  
American Pit Bull Terrier,  
American Staffordshire Terrier,  
Australian Cattle Dog,  
Australian Shepherd,  
Australian Terrier,  
Basenji,  
Basset Hound,  
Beagle,  
Bearded Collie,  
Bernese Mountain Dog,  
Bichon Frise,  
Bloodhound,  
Border Collie,  
Border Terrier,  
Boston Terrier,  
Boxer,  
Brittany,  
Bull Terrier,  
Bulldog,  
Bullmastiff,  
Cairn Terrier,  
Cavalier King Charles Spaniel,  
Chesapeake Bay Retriever,  
Chihuahua,  
Chinese Crested,  
Chow Chow,  
Clumber Spaniel,  
Cocker Spaniel,  
Collie,  
Coonhound,  
Corgi,  
Dachshund,  
Dalmatian,  
Doberman Pinscher,  
Dogue de Bordeaux,  
English Bulldog,  
English Cocker Spaniel,  
English Foxhound,  
English Setter,  
English Springer Spaniel,  
English Toy Spaniel,  
Finnish Spitz,  
Flat-Coated Retriever,  
French Bulldog,  
German Pinscher,  
German Shepherd,  
German Shorthaired Pointer,  
German Wirehaired Pointer,  
Giant Schnauzer,  
Golden Retriever,  
Gordon Setter,  
Great Dane,  
Great Pyrenees,  
Greater Swiss Mountain Dog,  
Greyhound,  
Havanese,  
Irish Setter,  
Irish Terrier,  
Irish Water Spaniel,  
Irish Wolfhound,  
Italian Greyhound,  
Jack Russell Terrier,  
Japanese Chin,  
Japanese Spitz,  
Keeshond,  
Kerry Blue Terrier,  
King Charles Spaniel,  
Komondor,  
Kuvasz,  
Labrador Retriever,  
Lakeland Terrier,  
Lhasa Apso,  
Maltese,  
Manchester Terrier,  
Mastiff,  
Miniature Bull Terrier,  
Miniature Pinscher,  
Miniature Schnauzer,  
Newfoundland,  
Norfolk Terrier,  
Norwegian Elkhound,  
Norwich Terrier,  
Nova Scotia Duck Tolling Retriever,  
Old English Sheepdog,  
Papillon,  
Pekingese,  
Pembroke Welsh Corgi,  
Petit Basset Griffon Vendeen,  
Pharaoh Hound,  
Plott Hound,  
Pointer,  
Pomeranian,  
Poodle,  
Portuguese Water Dog,
Rottweiler